{"number_episodes": 3, "episode_rewards": [534.0999999998974, 759.0999999999542, 812.2999999999613], "mean_all_episodes": 701.8333333332708, "std_all_episodes": 120.5775361426377}